{"chunk_definitions":[{"row":9,"row_count":1,"visible":true,"expansion_state":0,"options":{"engine":"r","label":"setup","include":false,"dev":"png"},"document_id":"4C1ABC6A","chunk_id":"csetup_chunk","chunk_label":"setup"},{"row":18,"row_count":1,"visible":true,"expansion_state":0,"options":{"engine":"r","label":"unnamed-chunk-2","dev":"png"},"document_id":"4C1ABC6A","chunk_id":"ck33pigv91qtm","chunk_label":"unnamed-chunk-1"}],"doc_write_time":1744221563,"working_dir":null,"default_chunk_options":{"echo":true}}